{
	"_method_": {},
	"cs.Build4D": {
		"Client": {
			"new()": {
				"Syntax": "**.new**( *customSettings* : Object )",
				"Params": [
					[
						"customSettings",
						"Object",
						"->"
					]
				],
				"Summary": ""
			}
		},
		"CompiledProject": {
			"new()": {
				"Syntax": "**.new**( *customSettings* : Object )",
				"Params": [
					[
						"customSettings",
						"Object",
						"->"
					]
				],
				"Summary": ""
			}
		},
		"_core": {
			"new()": {
				"Syntax": "**.new**( *target* : Text; *customSettings* : Object )",
				"Params": [
					[
						"target",
						"Text",
						"->"
					],
					[
						"customSettings",
						"Object",
						"->"
					]
				],
				"Summary": ""
			}
		},
		"Component": {
			"new()": {
				"Syntax": "**.new**( *customSettings* : Object )",
				"Params": [
					[
						"customSettings",
						"Object",
						"->"
					]
				],
				"Summary": ""
			}
		},
		"Server": {
			"new()": {
				"Syntax": "**.new**( *customSettings* : Object )",
				"Params": [
					[
						"customSettings",
						"Object",
						"->"
					]
				],
				"Summary": ""
			}
		},
		"Standalone": {
			"new()": {
				"Syntax": "**.new**( *customSettings* : Object )",
				"Params": [
					[
						"customSettings",
						"Object",
						"->"
					]
				],
				"Summary": ""
			}
		}
	},
	"Client": {
		"buildArchive()": {
			"Syntax": "**.buildArchive**()->result : Object",
			"Params": [
				[
					"result",
					"Object",
					"<-"
				]
			],
			"Summary": ""
		},
		"buildZip()": {
			"Syntax": "**.buildZip**()->result : Object",
			"Params": [
				[
					"result",
					"Object",
					"<-"
				]
			],
			"Summary": ""
		},
		"build()": {
			"Syntax": "**.build**() : Boolean",
			"Params": [
				[
					"",
					"Boolean",
					"<-"
				]
			],
			"Summary": ""
		},
		"get publishName()": {
			"Syntax": "**.get publishName**() : Text",
			"Params": [
				[
					"",
					"Text",
					"<-"
				]
			],
			"Summary": ""
		},
		"_inheritedFrom_": "_core"
	},
	"CompiledProject": {
		"build()": {
			"Syntax": "**.build**()->success : Boolean",
			"Params": [
				[
					"success",
					"Boolean",
					"<-"
				]
			],
			"Summary": ""
		},
		"_inheritedFrom_": "_core"
	},
	"_core": {
		"get is_win_target()": {
			"Syntax": "**.get is_win_target**() : Boolean",
			"Params": [
				[
					"",
					"Boolean",
					"<-"
				]
			],
			"Summary": ""
		},
		"get is_mac_target()": {
			"Syntax": "**.get is_mac_target**() : Boolean",
			"Params": [
				[
					"",
					"Boolean",
					"<-"
				]
			],
			"Summary": ""
		},
		"get is_client()": {
			"Syntax": "**.get is_client**() : Boolean",
			"Params": [
				[
					"",
					"Boolean",
					"<-"
				]
			],
			"Summary": ""
		},
		"get is_server()": {
			"Syntax": "**.get is_server**() : Boolean",
			"Params": [
				[
					"",
					"Boolean",
					"<-"
				]
			],
			"Summary": ""
		},
		"get buildName()": {
			"Syntax": "**.get buildName**() : Text",
			"Params": [
				[
					"",
					"Text",
					"<-"
				]
			],
			"Summary": ""
		},
		"get is_standalone()": {
			"Syntax": "**.get is_standalone**() : Boolean",
			"Params": [
				[
					"",
					"Boolean",
					"<-"
				]
			],
			"Summary": ""
		},
		"settings": {
			"Syntax": "settings : Object"
		},
		"logs": {
			"Syntax": "logs : Collection"
		}
	},
	"Component": {
		"build()": {
			"Syntax": "**.build**()->success : Boolean",
			"Params": [
				[
					"success",
					"Boolean",
					"<-"
				]
			],
			"Summary": ""
		},
		"_inheritedFrom_": "_core"
	},
	"Server": {
		"build()": {
			"Syntax": "**.build**() : Boolean",
			"Params": [
				[
					"",
					"Boolean",
					"<-"
				]
			],
			"Summary": ""
		},
		"get publishName()": {
			"Syntax": "**.get publishName**() : Text",
			"Params": [
				[
					"",
					"Text",
					"<-"
				]
			],
			"Summary": ""
		},
		"buildZip()": {
			"Syntax": "**.buildZip**()->result : Object",
			"Params": [
				[
					"result",
					"Object",
					"<-"
				]
			],
			"Summary": ""
		},
		"_inheritedFrom_": "_core"
	},
	"Standalone": {
		"build()": {
			"Syntax": "**.build**()->success : Boolean",
			"Params": [
				[
					"success",
					"Boolean",
					"<-"
				]
			],
			"Summary": ""
		},
		"_inheritedFrom_": "_core"
	}
}