{
    "//target":"Server",
    "packedProject":true,
    "obfuscated":false,
    "serverDataCollection":true,
    "lastDataPathLookup":"ByAppName",
    "excludeModule":[],
    "includePaths":
    [
        {
            "source":"./Libraries/",
            "destination":"./"
        },
        {
            "source":"./Resources/",
            "destination":"./"
        }
    ],
    "deletePaths":[],
    "signApplication":{
        "macSignature":false,
        "macCertificate":"",
        "adHocSignature":true
    }
}